"TIME","C_BIRTH","GEO","AGE","SEX","UNIT","Value"
"2019","Total","Bulgaria","Total","Total","Number","7,000,039"
"2019","Total","Bulgaria","Total","Males","Number","3,395,701"
"2019","Total","Bulgaria","Total","Females","Number","3,604,338"
"2019","Belgium","Bulgaria","Total","Total","Number","2,468"
"2019","Belgium","Bulgaria","Total","Males","Number","1,299"
"2019","Belgium","Bulgaria","Total","Females","Number","1,169"
"2019","Bulgaria","Bulgaria","Total","Total","Number","6,825,767"
"2019","Bulgaria","Bulgaria","Total","Males","Number","3,309,851"
"2019","Bulgaria","Bulgaria","Total","Females","Number","3,515,916"
"2019","Czechia","Bulgaria","Total","Total","Number","1,453"
"2019","Czechia","Bulgaria","Total","Males","Number","649"
"2019","Czechia","Bulgaria","Total","Females","Number","804"
"2019","Denmark","Bulgaria","Total","Total","Number","526"
"2019","Denmark","Bulgaria","Total","Males","Number","297"
"2019","Denmark","Bulgaria","Total","Females","Number","229"
"2019","Germany (until 1990 former territory of the FRG)","Bulgaria","Total","Total","Number","11,922"
"2019","Germany (until 1990 former territory of the FRG)","Bulgaria","Total","Males","Number","6,283"
"2019","Germany (until 1990 former territory of the FRG)","Bulgaria","Total","Females","Number","5,639"
"2019","Estonia","Bulgaria","Total","Total","Number","98"
"2019","Estonia","Bulgaria","Total","Males","Number","32"
"2019","Estonia","Bulgaria","Total","Females","Number","66"
"2019","Ireland","Bulgaria","Total","Total","Number","364"
"2019","Ireland","Bulgaria","Total","Males","Number","197"
"2019","Ireland","Bulgaria","Total","Females","Number","167"
"2019","Greece","Bulgaria","Total","Total","Number","7,634"
"2019","Greece","Bulgaria","Total","Males","Number","4,256"
"2019","Greece","Bulgaria","Total","Females","Number","3,378"
"2019","Spain","Bulgaria","Total","Total","Number","7,056"
"2019","Spain","Bulgaria","Total","Males","Number","3,722"
"2019","Spain","Bulgaria","Total","Females","Number","3,334"
"2019","France","Bulgaria","Total","Total","Number","2,862"
"2019","France","Bulgaria","Total","Males","Number","1,576"
"2019","France","Bulgaria","Total","Females","Number","1,286"
"2019","Croatia","Bulgaria","Total","Total","Number","119"
"2019","Croatia","Bulgaria","Total","Males","Number","70"
"2019","Croatia","Bulgaria","Total","Females","Number","49"
"2019","Italy","Bulgaria","Total","Total","Number","3,783"
"2019","Italy","Bulgaria","Total","Males","Number","2,269"
"2019","Italy","Bulgaria","Total","Females","Number","1,514"
"2019","Cyprus","Bulgaria","Total","Total","Number","1,402"
"2019","Cyprus","Bulgaria","Total","Males","Number","760"
"2019","Cyprus","Bulgaria","Total","Females","Number","642"
"2019","Latvia","Bulgaria","Total","Total","Number","207"
"2019","Latvia","Bulgaria","Total","Males","Number","49"
"2019","Latvia","Bulgaria","Total","Females","Number","158"
"2019","Lithuania","Bulgaria","Total","Total","Number","151"
"2019","Lithuania","Bulgaria","Total","Males","Number","42"
"2019","Lithuania","Bulgaria","Total","Females","Number","109"
"2019","Luxembourg","Bulgaria","Total","Total","Number","103"
"2019","Luxembourg","Bulgaria","Total","Males","Number","53"
"2019","Luxembourg","Bulgaria","Total","Females","Number","50"
"2019","Hungary","Bulgaria","Total","Total","Number","372"
"2019","Hungary","Bulgaria","Total","Males","Number","166"
"2019","Hungary","Bulgaria","Total","Females","Number","206"
"2019","Malta","Bulgaria","Total","Total","Number","157"
"2019","Malta","Bulgaria","Total","Males","Number","87"
"2019","Malta","Bulgaria","Total","Females","Number","70"
"2019","Netherlands","Bulgaria","Total","Total","Number","1,679"
"2019","Netherlands","Bulgaria","Total","Males","Number","923"
"2019","Netherlands","Bulgaria","Total","Females","Number","756"
"2019","Austria","Bulgaria","Total","Total","Number","1,837"
"2019","Austria","Bulgaria","Total","Males","Number","1,005"
"2019","Austria","Bulgaria","Total","Females","Number","832"
"2019","Poland","Bulgaria","Total","Total","Number","1,844"
"2019","Poland","Bulgaria","Total","Males","Number","643"
"2019","Poland","Bulgaria","Total","Females","Number","1,201"
"2019","Portugal","Bulgaria","Total","Total","Number","539"
"2019","Portugal","Bulgaria","Total","Males","Number","269"
"2019","Portugal","Bulgaria","Total","Females","Number","270"
"2019","Romania","Bulgaria","Total","Total","Number","3,334"
"2019","Romania","Bulgaria","Total","Males","Number","1,362"
"2019","Romania","Bulgaria","Total","Females","Number","1,972"
"2019","Slovenia","Bulgaria","Total","Total","Number","123"
"2019","Slovenia","Bulgaria","Total","Males","Number","73"
"2019","Slovenia","Bulgaria","Total","Females","Number","50"
"2019","Slovakia","Bulgaria","Total","Total","Number","374"
"2019","Slovakia","Bulgaria","Total","Males","Number","114"
"2019","Slovakia","Bulgaria","Total","Females","Number","260"
"2019","Finland","Bulgaria","Total","Total","Number","201"
"2019","Finland","Bulgaria","Total","Males","Number","102"
"2019","Finland","Bulgaria","Total","Females","Number","99"
"2019","Sweden","Bulgaria","Total","Total","Number","487"
"2019","Sweden","Bulgaria","Total","Males","Number","249"
"2019","Sweden","Bulgaria","Total","Females","Number","238"
"2019","United Kingdom","Bulgaria","Total","Total","Number","11,346"
"2019","United Kingdom","Bulgaria","Total","Males","Number","5,983"
"2019","United Kingdom","Bulgaria","Total","Females","Number","5,363"
"2019","Iceland","Bulgaria","Total","Total","Number","28"
"2019","Iceland","Bulgaria","Total","Males","Number","14"
"2019","Iceland","Bulgaria","Total","Females","Number","14"
"2019","Liechtenstein","Bulgaria","Total","Total","Number","2"
"2019","Liechtenstein","Bulgaria","Total","Males","Number","1"
"2019","Liechtenstein","Bulgaria","Total","Females","Number","1"
"2019","Norway","Bulgaria","Total","Total","Number","516"
"2019","Norway","Bulgaria","Total","Males","Number","267"
"2019","Norway","Bulgaria","Total","Females","Number","249"
"2019","Switzerland","Bulgaria","Total","Total","Number","569"
"2019","Switzerland","Bulgaria","Total","Males","Number","314"
"2019","Switzerland","Bulgaria","Total","Females","Number","255"
"2019","North Macedonia","Bulgaria","Total","Total","Number","4,370"
"2019","North Macedonia","Bulgaria","Total","Males","Number","2,773"
"2019","North Macedonia","Bulgaria","Total","Females","Number","1,597"
"2019","Turkey","Bulgaria","Total","Total","Number","13,689"
"2019","Turkey","Bulgaria","Total","Males","Number","8,986"
"2019","Turkey","Bulgaria","Total","Females","Number","4,703"
"2019","Andorra","Bulgaria","Total","Total","Number","0"
"2019","Andorra","Bulgaria","Total","Males","Number","0"
"2019","Andorra","Bulgaria","Total","Females","Number","0"
"2019","Albania","Bulgaria","Total","Total","Number","1,281"
"2019","Albania","Bulgaria","Total","Males","Number","735"
"2019","Albania","Bulgaria","Total","Females","Number","546"
"2019","Bosnia and Herzegovina","Bulgaria","Total","Total","Number","156"
"2019","Bosnia and Herzegovina","Bulgaria","Total","Males","Number","106"
"2019","Bosnia and Herzegovina","Bulgaria","Total","Females","Number","50"
"2019","Belarus","Bulgaria","Total","Total","Number","1,052"
"2019","Belarus","Bulgaria","Total","Males","Number","282"
"2019","Belarus","Bulgaria","Total","Females","Number","770"
"2019","Faroes (DK)","Bulgaria","Total","Total","Number","0"
"2019","Faroes (DK)","Bulgaria","Total","Males","Number","0"
"2019","Faroes (DK)","Bulgaria","Total","Females","Number","0"
"2019","Guernsey","Bulgaria","Total","Total","Number","1"
"2019","Guernsey","Bulgaria","Total","Males","Number","1"
"2019","Guernsey","Bulgaria","Total","Females","Number","0"
"2019","Gibraltar (UK)","Bulgaria","Total","Total","Number","10"
"2019","Gibraltar (UK)","Bulgaria","Total","Males","Number","3"
"2019","Gibraltar (UK)","Bulgaria","Total","Females","Number","7"
"2019","Isle of Man","Bulgaria","Total","Total","Number","18"
"2019","Isle of Man","Bulgaria","Total","Males","Number","12"
"2019","Isle of Man","Bulgaria","Total","Females","Number","6"
"2019","Jersey","Bulgaria","Total","Total","Number","7"
"2019","Jersey","Bulgaria","Total","Males","Number","5"
"2019","Jersey","Bulgaria","Total","Females","Number","2"
"2019","Monaco","Bulgaria","Total","Total","Number","12"
"2019","Monaco","Bulgaria","Total","Males","Number","6"
"2019","Monaco","Bulgaria","Total","Females","Number","6"
"2019","Moldova","Bulgaria","Total","Total","Number","2,978"
"2019","Moldova","Bulgaria","Total","Males","Number","1,160"
"2019","Moldova","Bulgaria","Total","Females","Number","1,818"
"2019","Montenegro","Bulgaria","Total","Total","Number","40"
"2019","Montenegro","Bulgaria","Total","Males","Number","23"
"2019","Montenegro","Bulgaria","Total","Females","Number","17"
"2019","Serbia","Bulgaria","Total","Total","Number","3,134"
"2019","Serbia","Bulgaria","Total","Males","Number","1,673"
"2019","Serbia","Bulgaria","Total","Females","Number","1,461"
"2019","Russia","Bulgaria","Total","Total","Number","30,918"
"2019","Russia","Bulgaria","Total","Males","Number","9,745"
"2019","Russia","Bulgaria","Total","Females","Number","21,173"
"2019","Svalbard and Jan Mayen (NO)","Bulgaria","Total","Total","Number",":"
"2019","Svalbard and Jan Mayen (NO)","Bulgaria","Total","Males","Number",":"
"2019","Svalbard and Jan Mayen (NO)","Bulgaria","Total","Females","Number",":"
"2019","San Marino","Bulgaria","Total","Total","Number","5"
"2019","San Marino","Bulgaria","Total","Males","Number","0"
"2019","San Marino","Bulgaria","Total","Females","Number","5"
"2019","Ukraine","Bulgaria","Total","Total","Number","10,678"
"2019","Ukraine","Bulgaria","Total","Males","Number","3,626"
"2019","Ukraine","Bulgaria","Total","Females","Number","7,052"
"2019","Vatican City State","Bulgaria","Total","Total","Number","1"
"2019","Vatican City State","Bulgaria","Total","Males","Number","1"
"2019","Vatican City State","Bulgaria","Total","Females","Number","0"
"2019","Kosovo (under United Nations Security Council Resolution 1244/99)","Bulgaria","Total","Total","Number","451"
"2019","Kosovo (under United Nations Security Council Resolution 1244/99)","Bulgaria","Total","Males","Number","307"
"2019","Kosovo (under United Nations Security Council Resolution 1244/99)","Bulgaria","Total","Females","Number","144"
"2019","Former Serbia and Montenegro (before 2006) / Total components of the former Serbia and Montenegro","Bulgaria","Total","Total","Number","0"
"2019","Former Serbia and Montenegro (before 2006) / Total components of the former Serbia and Montenegro","Bulgaria","Total","Males","Number","0"
"2019","Former Serbia and Montenegro (before 2006) / Total components of the former Serbia and Montenegro","Bulgaria","Total","Females","Number","0"
"2019","Former Czechoslovakia (before 1992) / Total components of former Czechoslovakia","Bulgaria","Total","Total","Number","0"
"2019","Former Czechoslovakia (before 1992) / Total components of former Czechoslovakia","Bulgaria","Total","Males","Number","0"
"2019","Former Czechoslovakia (before 1992) / Total components of former Czechoslovakia","Bulgaria","Total","Females","Number","0"
"2019","Former Soviet Union (before 1991) / Total components of the former Soviet Union","Bulgaria","Total","Total","Number","0"
"2019","Former Soviet Union (before 1991) / Total components of the former Soviet Union","Bulgaria","Total","Males","Number","0"
"2019","Former Soviet Union (before 1991) / Total components of the former Soviet Union","Bulgaria","Total","Females","Number","0"
"2019","Former Yugoslavia (before 1992) / Total components of the former republic of Yugoslavia","Bulgaria","Total","Total","Number","0"
"2019","Former Yugoslavia (before 1992) / Total components of the former republic of Yugoslavia","Bulgaria","Total","Males","Number","0"
"2019","Former Yugoslavia (before 1992) / Total components of the former republic of Yugoslavia","Bulgaria","Total","Females","Number","0"
"2019","Burundi","Bulgaria","Total","Total","Number","18"
"2019","Burundi","Bulgaria","Total","Males","Number","10"
"2019","Burundi","Bulgaria","Total","Females","Number","8"
"2019","Djibouti","Bulgaria","Total","Total","Number","3"
"2019","Djibouti","Bulgaria","Total","Males","Number","3"
"2019","Djibouti","Bulgaria","Total","Females","Number","0"
"2019","Eritrea","Bulgaria","Total","Total","Number","13"
"2019","Eritrea","Bulgaria","Total","Males","Number","12"
"2019","Eritrea","Bulgaria","Total","Females","Number","1"
"2019","Ethiopia","Bulgaria","Total","Total","Number","60"
"2019","Ethiopia","Bulgaria","Total","Males","Number","42"
"2019","Ethiopia","Bulgaria","Total","Females","Number","18"
"2019","Réunion (NUTS 2010)","Bulgaria","Total","Total","Number",":"
"2019","Réunion (NUTS 2010)","Bulgaria","Total","Males","Number",":"
"2019","Réunion (NUTS 2010)","Bulgaria","Total","Females","Number",":"
"2019","Kenya","Bulgaria","Total","Total","Number","27"
"2019","Kenya","Bulgaria","Total","Males","Number","12"
"2019","Kenya","Bulgaria","Total","Females","Number","15"
"2019","Madagascar","Bulgaria","Total","Total","Number","2"
"2019","Madagascar","Bulgaria","Total","Males","Number","2"
"2019","Madagascar","Bulgaria","Total","Females","Number","0"
"2019","Mauritius","Bulgaria","Total","Total","Number","6"
"2019","Mauritius","Bulgaria","Total","Males","Number","2"
"2019","Mauritius","Bulgaria","Total","Females","Number","4"
"2019","Malawi","Bulgaria","Total","Total","Number","3"
"2019","Malawi","Bulgaria","Total","Males","Number","2"
"2019","Malawi","Bulgaria","Total","Females","Number","1"
"2019","Mozambique","Bulgaria","Total","Total","Number","36"
"2019","Mozambique","Bulgaria","Total","Males","Number","21"
"2019","Mozambique","Bulgaria","Total","Females","Number","15"
"2019","Rwanda","Bulgaria","Total","Total","Number","2"
"2019","Rwanda","Bulgaria","Total","Males","Number","1"
"2019","Rwanda","Bulgaria","Total","Females","Number","1"
"2019","Seychelles","Bulgaria","Total","Total","Number","2"
"2019","Seychelles","Bulgaria","Total","Males","Number","0"
"2019","Seychelles","Bulgaria","Total","Females","Number","2"
"2019","Somalia","Bulgaria","Total","Total","Number","22"
"2019","Somalia","Bulgaria","Total","Males","Number","11"
"2019","Somalia","Bulgaria","Total","Females","Number","11"
"2019","Tanzania","Bulgaria","Total","Total","Number","13"
"2019","Tanzania","Bulgaria","Total","Males","Number","12"
"2019","Tanzania","Bulgaria","Total","Females","Number","1"
"2019","Uganda","Bulgaria","Total","Total","Number","10"
"2019","Uganda","Bulgaria","Total","Males","Number","7"
"2019","Uganda","Bulgaria","Total","Females","Number","3"
"2019","Mayotte (FR - part of EU as of 01.01.2014)","Bulgaria","Total","Total","Number",":"
"2019","Mayotte (FR - part of EU as of 01.01.2014)","Bulgaria","Total","Males","Number",":"
"2019","Mayotte (FR - part of EU as of 01.01.2014)","Bulgaria","Total","Females","Number",":"
"2019","Zambia","Bulgaria","Total","Total","Number","13"
"2019","Zambia","Bulgaria","Total","Males","Number","7"
"2019","Zambia","Bulgaria","Total","Females","Number","6"
"2019","Zimbabwe","Bulgaria","Total","Total","Number","40"
"2019","Zimbabwe","Bulgaria","Total","Males","Number","23"
"2019","Zimbabwe","Bulgaria","Total","Females","Number","17"
"2019","Algeria","Bulgaria","Total","Total","Number","436"
"2019","Algeria","Bulgaria","Total","Males","Number","268"
"2019","Algeria","Bulgaria","Total","Females","Number","168"
"2019","Egypt","Bulgaria","Total","Total","Number","340"
"2019","Egypt","Bulgaria","Total","Males","Number","249"
"2019","Egypt","Bulgaria","Total","Females","Number","91"
"2019","Western Sahara","Bulgaria","Total","Total","Number","0"
"2019","Western Sahara","Bulgaria","Total","Males","Number","0"
"2019","Western Sahara","Bulgaria","Total","Females","Number","0"
"2019","Libya","Bulgaria","Total","Total","Number","279"
"2019","Libya","Bulgaria","Total","Males","Number","161"
"2019","Libya","Bulgaria","Total","Females","Number","118"
"2019","Morocco","Bulgaria","Total","Total","Number","149"
"2019","Morocco","Bulgaria","Total","Males","Number","85"
"2019","Morocco","Bulgaria","Total","Females","Number","64"
"2019","Sudan","Bulgaria","Total","Total","Number","46"
"2019","Sudan","Bulgaria","Total","Males","Number","38"
"2019","Sudan","Bulgaria","Total","Females","Number","8"
"2019","South Sudan","Bulgaria","Total","Total","Number","0"
"2019","South Sudan","Bulgaria","Total","Males","Number","0"
"2019","South Sudan","Bulgaria","Total","Females","Number","0"
"2019","Tunisia","Bulgaria","Total","Total","Number","142"
"2019","Tunisia","Bulgaria","Total","Males","Number","106"
"2019","Tunisia","Bulgaria","Total","Females","Number","36"
"2019","Angola","Bulgaria","Total","Total","Number","15"
"2019","Angola","Bulgaria","Total","Males","Number","5"
"2019","Angola","Bulgaria","Total","Females","Number","10"
"2019","Democratic Republic of the Congo","Bulgaria","Total","Total","Number","13"
"2019","Democratic Republic of the Congo","Bulgaria","Total","Males","Number","11"
"2019","Democratic Republic of the Congo","Bulgaria","Total","Females","Number","2"
"2019","Central African Republic","Bulgaria","Total","Total","Number","0"
"2019","Central African Republic","Bulgaria","Total","Males","Number","0"
"2019","Central African Republic","Bulgaria","Total","Females","Number","0"
"2019","Congo","Bulgaria","Total","Total","Number","25"
"2019","Congo","Bulgaria","Total","Males","Number","11"
"2019","Congo","Bulgaria","Total","Females","Number","14"
"2019","Cameroon","Bulgaria","Total","Total","Number","23"
"2019","Cameroon","Bulgaria","Total","Males","Number","17"
"2019","Cameroon","Bulgaria","Total","Females","Number","6"
"2019","Gabon","Bulgaria","Total","Total","Number","9"
"2019","Gabon","Bulgaria","Total","Males","Number","4"
"2019","Gabon","Bulgaria","Total","Females","Number","5"
"2019","Equatorial Guinea","Bulgaria","Total","Total","Number","0"
"2019","Equatorial Guinea","Bulgaria","Total","Males","Number","0"
"2019","Equatorial Guinea","Bulgaria","Total","Females","Number","0"
"2019","São Tomé and Príncipe","Bulgaria","Total","Total","Number","1"
"2019","São Tomé and Príncipe","Bulgaria","Total","Males","Number","1"
"2019","São Tomé and Príncipe","Bulgaria","Total","Females","Number","0"
"2019","Chad","Bulgaria","Total","Total","Number","5"
"2019","Chad","Bulgaria","Total","Males","Number","4"
"2019","Chad","Bulgaria","Total","Females","Number","1"
"2019","Botswana","Bulgaria","Total","Total","Number","25"
"2019","Botswana","Bulgaria","Total","Males","Number","15"
"2019","Botswana","Bulgaria","Total","Females","Number","10"
"2019","Lesotho","Bulgaria","Total","Total","Number","0"
"2019","Lesotho","Bulgaria","Total","Males","Number","0"
"2019","Lesotho","Bulgaria","Total","Females","Number","0"
"2019","Namibia","Bulgaria","Total","Total","Number","9"
"2019","Namibia","Bulgaria","Total","Males","Number","5"
"2019","Namibia","Bulgaria","Total","Females","Number","4"
"2019","Eswatini","Bulgaria","Total","Total","Number","2"
"2019","Eswatini","Bulgaria","Total","Males","Number","0"
"2019","Eswatini","Bulgaria","Total","Females","Number","2"
"2019","South Africa","Bulgaria","Total","Total","Number","318"
"2019","South Africa","Bulgaria","Total","Males","Number","159"
"2019","South Africa","Bulgaria","Total","Females","Number","159"
"2019","Burkina Faso","Bulgaria","Total","Total","Number","13"
"2019","Burkina Faso","Bulgaria","Total","Males","Number","9"
"2019","Burkina Faso","Bulgaria","Total","Females","Number","4"
"2019","Benin","Bulgaria","Total","Total","Number","26"
"2019","Benin","Bulgaria","Total","Males","Number","15"
"2019","Benin","Bulgaria","Total","Females","Number","11"
"2019","Côte d'Ivoire","Bulgaria","Total","Total","Number","15"
"2019","Côte d'Ivoire","Bulgaria","Total","Males","Number","9"
"2019","Côte d'Ivoire","Bulgaria","Total","Females","Number","6"
"2019","Cabo Verde","Bulgaria","Total","Total","Number","6"
"2019","Cabo Verde","Bulgaria","Total","Males","Number","4"
"2019","Cabo Verde","Bulgaria","Total","Females","Number","2"
"2019","Ghana","Bulgaria","Total","Total","Number","28"
"2019","Ghana","Bulgaria","Total","Males","Number","18"
"2019","Ghana","Bulgaria","Total","Females","Number","10"
"2019","Gambia, The","Bulgaria","Total","Total","Number","10"
"2019","Gambia, The","Bulgaria","Total","Males","Number","5"
"2019","Gambia, The","Bulgaria","Total","Females","Number","5"
"2019","Guinea","Bulgaria","Total","Total","Number","10"
"2019","Guinea","Bulgaria","Total","Males","Number","9"
"2019","Guinea","Bulgaria","Total","Females","Number","1"
"2019","Guinea-Bissau","Bulgaria","Total","Total","Number","4"
"2019","Guinea-Bissau","Bulgaria","Total","Males","Number","2"
"2019","Guinea-Bissau","Bulgaria","Total","Females","Number","2"
"2019","Liberia","Bulgaria","Total","Total","Number","7"
"2019","Liberia","Bulgaria","Total","Males","Number","5"
"2019","Liberia","Bulgaria","Total","Females","Number","2"
"2019","Mali","Bulgaria","Total","Total","Number","4"
"2019","Mali","Bulgaria","Total","Males","Number","2"
"2019","Mali","Bulgaria","Total","Females","Number","2"
"2019","Mauritania","Bulgaria","Total","Total","Number","3"
"2019","Mauritania","Bulgaria","Total","Males","Number","3"
"2019","Mauritania","Bulgaria","Total","Females","Number","0"
"2019","Niger","Bulgaria","Total","Total","Number","1"
"2019","Niger","Bulgaria","Total","Males","Number","1"
"2019","Niger","Bulgaria","Total","Females","Number","0"
"2019","Nigeria","Bulgaria","Total","Total","Number","233"
"2019","Nigeria","Bulgaria","Total","Males","Number","173"
"2019","Nigeria","Bulgaria","Total","Females","Number","60"
"2019","Saint Helena, Ascension and Tristan da Cunha (UK)","Bulgaria","Total","Total","Number","0"
"2019","Saint Helena, Ascension and Tristan da Cunha (UK)","Bulgaria","Total","Males","Number","0"
"2019","Saint Helena, Ascension and Tristan da Cunha (UK)","Bulgaria","Total","Females","Number","0"
"2019","Sierra Leone","Bulgaria","Total","Total","Number","2"
"2019","Sierra Leone","Bulgaria","Total","Males","Number","2"
"2019","Sierra Leone","Bulgaria","Total","Females","Number","0"
"2019","Senegal","Bulgaria","Total","Total","Number","14"
"2019","Senegal","Bulgaria","Total","Males","Number","10"
"2019","Senegal","Bulgaria","Total","Females","Number","4"
"2019","Togo","Bulgaria","Total","Total","Number","4"
"2019","Togo","Bulgaria","Total","Males","Number","1"
"2019","Togo","Bulgaria","Total","Females","Number","3"
"2019","Bermuda (UK)","Bulgaria","Total","Total","Number","2"
"2019","Bermuda (UK)","Bulgaria","Total","Males","Number","0"
"2019","Bermuda (UK)","Bulgaria","Total","Females","Number","2"
"2019","Canada","Bulgaria","Total","Total","Number","714"
"2019","Canada","Bulgaria","Total","Males","Number","381"
"2019","Canada","Bulgaria","Total","Females","Number","333"
"2019","Greenland (DK)","Bulgaria","Total","Total","Number","2"
"2019","Greenland (DK)","Bulgaria","Total","Males","Number","2"
"2019","Greenland (DK)","Bulgaria","Total","Females","Number","0"
"2019","Saint Pierre and Miquelon (FR)","Bulgaria","Total","Total","Number","0"
"2019","Saint Pierre and Miquelon (FR)","Bulgaria","Total","Males","Number","0"
"2019","Saint Pierre and Miquelon (FR)","Bulgaria","Total","Females","Number","0"
"2019","United States","Bulgaria","Total","Total","Number","3,272"
"2019","United States","Bulgaria","Total","Males","Number","1,777"
"2019","United States","Bulgaria","Total","Females","Number","1,495"
"2019","Belize","Bulgaria","Total","Total","Number","1"
"2019","Belize","Bulgaria","Total","Males","Number","0"
"2019","Belize","Bulgaria","Total","Females","Number","1"
"2019","Costa Rica","Bulgaria","Total","Total","Number","9"
"2019","Costa Rica","Bulgaria","Total","Males","Number","7"
"2019","Costa Rica","Bulgaria","Total","Females","Number","2"
"2019","Guatemala","Bulgaria","Total","Total","Number","5"
"2019","Guatemala","Bulgaria","Total","Males","Number","2"
"2019","Guatemala","Bulgaria","Total","Females","Number","3"
"2019","Honduras","Bulgaria","Total","Total","Number","5"
"2019","Honduras","Bulgaria","Total","Males","Number","1"
"2019","Honduras","Bulgaria","Total","Females","Number","4"
"2019","Mexico","Bulgaria","Total","Total","Number","92"
"2019","Mexico","Bulgaria","Total","Males","Number","47"
"2019","Mexico","Bulgaria","Total","Females","Number","45"
"2019","Nicaragua","Bulgaria","Total","Total","Number","36"
"2019","Nicaragua","Bulgaria","Total","Males","Number","31"
"2019","Nicaragua","Bulgaria","Total","Females","Number","5"
"2019","Panama","Bulgaria","Total","Total","Number","8"
"2019","Panama","Bulgaria","Total","Males","Number","6"
"2019","Panama","Bulgaria","Total","Females","Number","2"
"2019","El Salvador","Bulgaria","Total","Total","Number","11"
"2019","El Salvador","Bulgaria","Total","Males","Number","8"
"2019","El Salvador","Bulgaria","Total","Females","Number","3"
"2019","Antigua and Barbuda","Bulgaria","Total","Total","Number","5"
"2019","Antigua and Barbuda","Bulgaria","Total","Males","Number","4"
"2019","Antigua and Barbuda","Bulgaria","Total","Females","Number","1"
"2019","Anguilla (UK)","Bulgaria","Total","Total","Number","29"
"2019","Anguilla (UK)","Bulgaria","Total","Males","Number","21"
"2019","Anguilla (UK)","Bulgaria","Total","Females","Number","8"
"2019","Former Netherlands Antilles","Bulgaria","Total","Total","Number","1"
"2019","Former Netherlands Antilles","Bulgaria","Total","Males","Number","0"
"2019","Former Netherlands Antilles","Bulgaria","Total","Females","Number","1"
"2019","Aruba (NL)","Bulgaria","Total","Total","Number","4"
"2019","Aruba (NL)","Bulgaria","Total","Males","Number","3"
"2019","Aruba (NL)","Bulgaria","Total","Females","Number","1"
"2019","Barbados","Bulgaria","Total","Total","Number","4"
"2019","Barbados","Bulgaria","Total","Males","Number","1"
"2019","Barbados","Bulgaria","Total","Females","Number","3"
"2019","Saint-Barthélemy (FR)","Bulgaria","Total","Total","Number","1"
"2019","Saint-Barthélemy (FR)","Bulgaria","Total","Males","Number","1"
"2019","Saint-Barthélemy (FR)","Bulgaria","Total","Females","Number","0"
"2019","Bonaire, Saint Eustatius and Saba","Bulgaria","Total","Total","Number","0"
"2019","Bonaire, Saint Eustatius and Saba","Bulgaria","Total","Males","Number","0"
"2019","Bonaire, Saint Eustatius and Saba","Bulgaria","Total","Females","Number","0"
"2019","Bahamas","Bulgaria","Total","Total","Number","4"
"2019","Bahamas","Bulgaria","Total","Males","Number","0"
"2019","Bahamas","Bulgaria","Total","Females","Number","4"
"2019","Cuba","Bulgaria","Total","Total","Number","285"
"2019","Cuba","Bulgaria","Total","Males","Number","175"
"2019","Cuba","Bulgaria","Total","Females","Number","110"
"2019","Curaçao","Bulgaria","Total","Total","Number","0"
"2019","Curaçao","Bulgaria","Total","Males","Number","0"
"2019","Curaçao","Bulgaria","Total","Females","Number","0"
"2019","Dominica","Bulgaria","Total","Total","Number","1"
"2019","Dominica","Bulgaria","Total","Males","Number","0"
"2019","Dominica","Bulgaria","Total","Females","Number","1"
"2019","Dominican Republic","Bulgaria","Total","Total","Number","53"
"2019","Dominican Republic","Bulgaria","Total","Males","Number","23"
"2019","Dominican Republic","Bulgaria","Total","Females","Number","30"
"2019","Guadeloupe (NUTS 2010)","Bulgaria","Total","Total","Number",":"
"2019","Guadeloupe (NUTS 2010)","Bulgaria","Total","Males","Number",":"
"2019","Guadeloupe (NUTS 2010)","Bulgaria","Total","Females","Number",":"
"2019","Martinique (NUTS 2010)","Bulgaria","Total","Total","Number",":"
"2019","Martinique (NUTS 2010)","Bulgaria","Total","Males","Number",":"
"2019","Martinique (NUTS 2010)","Bulgaria","Total","Females","Number",":"
"2019","Grenada","Bulgaria","Total","Total","Number","2"
"2019","Grenada","Bulgaria","Total","Males","Number","2"
"2019","Grenada","Bulgaria","Total","Females","Number","0"
"2019","Haiti","Bulgaria","Total","Total","Number","5"
"2019","Haiti","Bulgaria","Total","Males","Number","4"
"2019","Haiti","Bulgaria","Total","Females","Number","1"
"2019","Jamaica","Bulgaria","Total","Total","Number","6"
"2019","Jamaica","Bulgaria","Total","Males","Number","2"
"2019","Jamaica","Bulgaria","Total","Females","Number","4"
"2019","Comoros","Bulgaria","Total","Total","Number","0"
"2019","Comoros","Bulgaria","Total","Males","Number","0"
"2019","Comoros","Bulgaria","Total","Females","Number","0"
"2019","Saint Kitts and Nevis","Bulgaria","Total","Total","Number","0"
"2019","Saint Kitts and Nevis","Bulgaria","Total","Males","Number","0"
"2019","Saint Kitts and Nevis","Bulgaria","Total","Females","Number","0"
"2019","Cayman Islands (UK)","Bulgaria","Total","Total","Number","4"
"2019","Cayman Islands (UK)","Bulgaria","Total","Males","Number","2"
"2019","Cayman Islands (UK)","Bulgaria","Total","Females","Number","2"
"2019","Saint Lucia","Bulgaria","Total","Total","Number","0"
"2019","Saint Lucia","Bulgaria","Total","Males","Number","0"
"2019","Saint Lucia","Bulgaria","Total","Females","Number","0"
"2019","Saint Martin (FR)","Bulgaria","Total","Total","Number",":"
"2019","Saint Martin (FR)","Bulgaria","Total","Males","Number",":"
"2019","Saint Martin (FR)","Bulgaria","Total","Females","Number",":"
"2019","Montserrat (UK)","Bulgaria","Total","Total","Number","0"
"2019","Montserrat (UK)","Bulgaria","Total","Males","Number","0"
"2019","Montserrat (UK)","Bulgaria","Total","Females","Number","0"
"2019","Puerto Rico (US)","Bulgaria","Total","Total","Number",":"
"2019","Puerto Rico (US)","Bulgaria","Total","Males","Number",":"
"2019","Puerto Rico (US)","Bulgaria","Total","Females","Number",":"
"2019","Sint Maarten","Bulgaria","Total","Total","Number","0"
"2019","Sint Maarten","Bulgaria","Total","Males","Number","0"
"2019","Sint Maarten","Bulgaria","Total","Females","Number","0"
"2019","Turks and Caicos Islands (UK)","Bulgaria","Total","Total","Number","2"
"2019","Turks and Caicos Islands (UK)","Bulgaria","Total","Males","Number","2"
"2019","Turks and Caicos Islands (UK)","Bulgaria","Total","Females","Number","0"
"2019","Trinidad and Tobago","Bulgaria","Total","Total","Number","5"
"2019","Trinidad and Tobago","Bulgaria","Total","Males","Number","5"
"2019","Trinidad and Tobago","Bulgaria","Total","Females","Number","0"
"2019","Saint Vincent and the Grenadines","Bulgaria","Total","Total","Number","0"
"2019","Saint Vincent and the Grenadines","Bulgaria","Total","Males","Number","0"
"2019","Saint Vincent and the Grenadines","Bulgaria","Total","Females","Number","0"
"2019","British Virgin Islands (UK)","Bulgaria","Total","Total","Number","57"
"2019","British Virgin Islands (UK)","Bulgaria","Total","Males","Number","34"
"2019","British Virgin Islands (UK)","Bulgaria","Total","Females","Number","23"
"2019","US Virgin Islands (US)","Bulgaria","Total","Total","Number",":"
"2019","US Virgin Islands (US)","Bulgaria","Total","Males","Number",":"
"2019","US Virgin Islands (US)","Bulgaria","Total","Females","Number",":"
"2019","Argentina","Bulgaria","Total","Total","Number","121"
"2019","Argentina","Bulgaria","Total","Males","Number","62"
"2019","Argentina","Bulgaria","Total","Females","Number","59"
"2019","Bolivia","Bulgaria","Total","Total","Number","21"
"2019","Bolivia","Bulgaria","Total","Males","Number","11"
"2019","Bolivia","Bulgaria","Total","Females","Number","10"
"2019","Brazil","Bulgaria","Total","Total","Number","200"
"2019","Brazil","Bulgaria","Total","Males","Number","85"
"2019","Brazil","Bulgaria","Total","Females","Number","115"
"2019","Chile","Bulgaria","Total","Total","Number","26"
"2019","Chile","Bulgaria","Total","Males","Number","15"
"2019","Chile","Bulgaria","Total","Females","Number","11"
"2019","Colombia","Bulgaria","Total","Total","Number","65"
"2019","Colombia","Bulgaria","Total","Males","Number","31"
"2019","Colombia","Bulgaria","Total","Females","Number","34"
"2019","Ecuador","Bulgaria","Total","Total","Number","27"
"2019","Ecuador","Bulgaria","Total","Males","Number","8"
"2019","Ecuador","Bulgaria","Total","Females","Number","19"
"2019","Falkland Islands (UK)","Bulgaria","Total","Total","Number","0"
"2019","Falkland Islands (UK)","Bulgaria","Total","Males","Number","0"
"2019","Falkland Islands (UK)","Bulgaria","Total","Females","Number","0"
"2019","Guyane (NUTS 2010)","Bulgaria","Total","Total","Number",":"
"2019","Guyane (NUTS 2010)","Bulgaria","Total","Males","Number",":"
"2019","Guyane (NUTS 2010)","Bulgaria","Total","Females","Number",":"
"2019","South Georgia and the South Sandwich Islands (UK)","Bulgaria","Total","Total","Number",":"
"2019","South Georgia and the South Sandwich Islands (UK)","Bulgaria","Total","Males","Number",":"
"2019","South Georgia and the South Sandwich Islands (UK)","Bulgaria","Total","Females","Number",":"
"2019","Guyana","Bulgaria","Total","Total","Number","4"
"2019","Guyana","Bulgaria","Total","Males","Number","3"
"2019","Guyana","Bulgaria","Total","Females","Number","1"
"2019","Peru","Bulgaria","Total","Total","Number","31"
"2019","Peru","Bulgaria","Total","Males","Number","17"
"2019","Peru","Bulgaria","Total","Females","Number","14"
"2019","Paraguay","Bulgaria","Total","Total","Number","4"
"2019","Paraguay","Bulgaria","Total","Males","Number","3"
"2019","Paraguay","Bulgaria","Total","Females","Number","1"
"2019","Suriname","Bulgaria","Total","Total","Number","3"
"2019","Suriname","Bulgaria","Total","Males","Number","3"
"2019","Suriname","Bulgaria","Total","Females","Number","0"
"2019","Uruguay","Bulgaria","Total","Total","Number","17"
"2019","Uruguay","Bulgaria","Total","Males","Number","12"
"2019","Uruguay","Bulgaria","Total","Females","Number","5"
"2019","Venezuela","Bulgaria","Total","Total","Number","50"
"2019","Venezuela","Bulgaria","Total","Males","Number","23"
"2019","Venezuela","Bulgaria","Total","Females","Number","27"
"2019","China including Hong Kong","Bulgaria","Total","Total","Number","1,469"
"2019","China including Hong Kong","Bulgaria","Total","Males","Number","701"
"2019","China including Hong Kong","Bulgaria","Total","Females","Number","768"
"2019","Hong Kong","Bulgaria","Total","Total","Number",":"
"2019","Hong Kong","Bulgaria","Total","Males","Number",":"
"2019","Hong Kong","Bulgaria","Total","Females","Number",":"
"2019","Japan","Bulgaria","Total","Total","Number","209"
"2019","Japan","Bulgaria","Total","Males","Number","94"
"2019","Japan","Bulgaria","Total","Females","Number","115"
"2019","North Korea","Bulgaria","Total","Total","Number","35"
"2019","North Korea","Bulgaria","Total","Males","Number","13"
"2019","North Korea","Bulgaria","Total","Females","Number","22"
"2019","South Korea","Bulgaria","Total","Total","Number","218"
"2019","South Korea","Bulgaria","Total","Males","Number","102"
"2019","South Korea","Bulgaria","Total","Females","Number","116"
"2019","Mongolia","Bulgaria","Total","Total","Number","96"
"2019","Mongolia","Bulgaria","Total","Males","Number","35"
"2019","Mongolia","Bulgaria","Total","Females","Number","61"
"2019","Macao","Bulgaria","Total","Total","Number",":"
"2019","Macao","Bulgaria","Total","Males","Number",":"
"2019","Macao","Bulgaria","Total","Females","Number",":"
"2019","Taiwan","Bulgaria","Total","Total","Number","54"
"2019","Taiwan","Bulgaria","Total","Males","Number","23"
"2019","Taiwan","Bulgaria","Total","Females","Number","31"
"2019","Brunei Darussalam","Bulgaria","Total","Total","Number","2"
"2019","Brunei Darussalam","Bulgaria","Total","Males","Number","2"
"2019","Brunei Darussalam","Bulgaria","Total","Females","Number","0"
"2019","Cocos (Keeling) Islands (AU)","Bulgaria","Total","Total","Number",":"
"2019","Cocos (Keeling) Islands (AU)","Bulgaria","Total","Males","Number",":"
"2019","Cocos (Keeling) Islands (AU)","Bulgaria","Total","Females","Number",":"
"2019","Christmas Island (AU)","Bulgaria","Total","Total","Number",":"
"2019","Christmas Island (AU)","Bulgaria","Total","Males","Number",":"
"2019","Christmas Island (AU)","Bulgaria","Total","Females","Number",":"
"2019","Indonesia","Bulgaria","Total","Total","Number","60"
"2019","Indonesia","Bulgaria","Total","Males","Number","14"
"2019","Indonesia","Bulgaria","Total","Females","Number","46"
"2019","Cambodia","Bulgaria","Total","Total","Number","13"
"2019","Cambodia","Bulgaria","Total","Males","Number","1"
"2019","Cambodia","Bulgaria","Total","Females","Number","12"
"2019","Laos","Bulgaria","Total","Total","Number","1"
"2019","Laos","Bulgaria","Total","Males","Number","0"
"2019","Laos","Bulgaria","Total","Females","Number","1"
"2019","Myanmar/Burma","Bulgaria","Total","Total","Number","0"
"2019","Myanmar/Burma","Bulgaria","Total","Males","Number","0"
"2019","Myanmar/Burma","Bulgaria","Total","Females","Number","0"
"2019","Malaysia","Bulgaria","Total","Total","Number","20"
"2019","Malaysia","Bulgaria","Total","Males","Number","14"
"2019","Malaysia","Bulgaria","Total","Females","Number","6"
"2019","Philippines","Bulgaria","Total","Total","Number","147"
"2019","Philippines","Bulgaria","Total","Males","Number","18"
"2019","Philippines","Bulgaria","Total","Females","Number","129"
"2019","Singapore","Bulgaria","Total","Total","Number","31"
"2019","Singapore","Bulgaria","Total","Males","Number","14"
"2019","Singapore","Bulgaria","Total","Females","Number","17"
"2019","Thailand","Bulgaria","Total","Total","Number","54"
"2019","Thailand","Bulgaria","Total","Males","Number","9"
"2019","Thailand","Bulgaria","Total","Females","Number","45"
"2019","Timor-Leste","Bulgaria","Total","Total","Number","0"
"2019","Timor-Leste","Bulgaria","Total","Males","Number","0"
"2019","Timor-Leste","Bulgaria","Total","Females","Number","0"
"2019","Vietnam","Bulgaria","Total","Total","Number","673"
"2019","Vietnam","Bulgaria","Total","Males","Number","408"
"2019","Vietnam","Bulgaria","Total","Females","Number","265"
"2019","Afghanistan","Bulgaria","Total","Total","Number","404"
"2019","Afghanistan","Bulgaria","Total","Males","Number","282"
"2019","Afghanistan","Bulgaria","Total","Females","Number","122"
"2019","Bangladesh","Bulgaria","Total","Total","Number","511"
"2019","Bangladesh","Bulgaria","Total","Males","Number","272"
"2019","Bangladesh","Bulgaria","Total","Females","Number","239"
"2019","Bhutan","Bulgaria","Total","Total","Number","22"
"2019","Bhutan","Bulgaria","Total","Males","Number","13"
"2019","Bhutan","Bulgaria","Total","Females","Number","9"
"2019","India","Bulgaria","Total","Total","Number","525"
"2019","India","Bulgaria","Total","Males","Number","345"
"2019","India","Bulgaria","Total","Females","Number","180"
"2019","British Indian Ocean Territory (UK)","Bulgaria","Total","Total","Number",":"
"2019","British Indian Ocean Territory (UK)","Bulgaria","Total","Males","Number",":"
"2019","British Indian Ocean Territory (UK)","Bulgaria","Total","Females","Number",":"
"2019","Iran","Bulgaria","Total","Total","Number","451"
"2019","Iran","Bulgaria","Total","Males","Number","317"
"2019","Iran","Bulgaria","Total","Females","Number","134"
"2019","Sri Lanka","Bulgaria","Total","Total","Number","20"
"2019","Sri Lanka","Bulgaria","Total","Males","Number","14"
"2019","Sri Lanka","Bulgaria","Total","Females","Number","6"
"2019","Maldives","Bulgaria","Total","Total","Number","1"
"2019","Maldives","Bulgaria","Total","Males","Number","0"
"2019","Maldives","Bulgaria","Total","Females","Number","1"
"2019","Nepal","Bulgaria","Total","Total","Number","16"
"2019","Nepal","Bulgaria","Total","Males","Number","11"
"2019","Nepal","Bulgaria","Total","Females","Number","5"
"2019","Pakistan","Bulgaria","Total","Total","Number","275"
"2019","Pakistan","Bulgaria","Total","Males","Number","173"
"2019","Pakistan","Bulgaria","Total","Females","Number","102"
"2019","United Arab Emirates","Bulgaria","Total","Total","Number","329"
"2019","United Arab Emirates","Bulgaria","Total","Males","Number","182"
"2019","United Arab Emirates","Bulgaria","Total","Females","Number","147"
"2019","Armenia","Bulgaria","Total","Total","Number","1,708"
"2019","Armenia","Bulgaria","Total","Males","Number","764"
"2019","Armenia","Bulgaria","Total","Females","Number","944"
"2019","Azerbaijan","Bulgaria","Total","Total","Number","1,829"
"2019","Azerbaijan","Bulgaria","Total","Males","Number","813"
"2019","Azerbaijan","Bulgaria","Total","Females","Number","1,016"
"2019","Bahrain","Bulgaria","Total","Total","Number","27"
"2019","Bahrain","Bulgaria","Total","Males","Number","14"
"2019","Bahrain","Bulgaria","Total","Females","Number","13"
"2019","Georgia","Bulgaria","Total","Total","Number","466"
"2019","Georgia","Bulgaria","Total","Males","Number","209"
"2019","Georgia","Bulgaria","Total","Females","Number","257"
"2019","Israel","Bulgaria","Total","Total","Number","781"
"2019","Israel","Bulgaria","Total","Males","Number","490"
"2019","Israel","Bulgaria","Total","Females","Number","291"
"2019","Iraq","Bulgaria","Total","Total","Number","1,316"
"2019","Iraq","Bulgaria","Total","Males","Number","918"
"2019","Iraq","Bulgaria","Total","Females","Number","398"
"2019","Jordan","Bulgaria","Total","Total","Number","278"
"2019","Jordan","Bulgaria","Total","Males","Number","202"
"2019","Jordan","Bulgaria","Total","Females","Number","76"
"2019","Kuwait","Bulgaria","Total","Total","Number","215"
"2019","Kuwait","Bulgaria","Total","Males","Number","147"
"2019","Kuwait","Bulgaria","Total","Females","Number","68"
"2019","Lebanon","Bulgaria","Total","Total","Number","972"
"2019","Lebanon","Bulgaria","Total","Males","Number","696"
"2019","Lebanon","Bulgaria","Total","Females","Number","276"
"2019","Oman","Bulgaria","Total","Total","Number","10"
"2019","Oman","Bulgaria","Total","Males","Number","7"
"2019","Oman","Bulgaria","Total","Females","Number","3"
"2019","Palestine","Bulgaria","Total","Total","Number","80"
"2019","Palestine","Bulgaria","Total","Males","Number","50"
"2019","Palestine","Bulgaria","Total","Females","Number","30"
"2019","Qatar","Bulgaria","Total","Total","Number","55"
"2019","Qatar","Bulgaria","Total","Males","Number","38"
"2019","Qatar","Bulgaria","Total","Females","Number","17"
"2019","Saudi Arabia","Bulgaria","Total","Total","Number","132"
"2019","Saudi Arabia","Bulgaria","Total","Males","Number","92"
"2019","Saudi Arabia","Bulgaria","Total","Females","Number","40"
"2019","Syria","Bulgaria","Total","Total","Number","14,225"
"2019","Syria","Bulgaria","Total","Males","Number","8,691"
"2019","Syria","Bulgaria","Total","Females","Number","5,534"
"2019","Yemen","Bulgaria","Total","Total","Number","89"
"2019","Yemen","Bulgaria","Total","Males","Number","64"
"2019","Yemen","Bulgaria","Total","Females","Number","25"
"2019","Kyrgyzstan","Bulgaria","Total","Total","Number","225"
"2019","Kyrgyzstan","Bulgaria","Total","Males","Number","85"
"2019","Kyrgyzstan","Bulgaria","Total","Females","Number","140"
"2019","Kazakhstan","Bulgaria","Total","Total","Number","2,186"
"2019","Kazakhstan","Bulgaria","Total","Males","Number","767"
"2019","Kazakhstan","Bulgaria","Total","Females","Number","1,419"
"2019","Tajikistan","Bulgaria","Total","Total","Number","161"
"2019","Tajikistan","Bulgaria","Total","Males","Number","63"
"2019","Tajikistan","Bulgaria","Total","Females","Number","98"
"2019","Turkmenistan","Bulgaria","Total","Total","Number","301"
"2019","Turkmenistan","Bulgaria","Total","Males","Number","110"
"2019","Turkmenistan","Bulgaria","Total","Females","Number","191"
"2019","Uzbekistan","Bulgaria","Total","Total","Number","877"
"2019","Uzbekistan","Bulgaria","Total","Males","Number","297"
"2019","Uzbekistan","Bulgaria","Total","Females","Number","580"
"2019","Australia","Bulgaria","Total","Total","Number","280"
"2019","Australia","Bulgaria","Total","Males","Number","156"
"2019","Australia","Bulgaria","Total","Females","Number","124"
"2019","Norfolk Island (AU)","Bulgaria","Total","Total","Number",":"
"2019","Norfolk Island (AU)","Bulgaria","Total","Males","Number",":"
"2019","Norfolk Island (AU)","Bulgaria","Total","Females","Number",":"
"2019","New Zealand","Bulgaria","Total","Total","Number","60"
"2019","New Zealand","Bulgaria","Total","Males","Number","36"
"2019","New Zealand","Bulgaria","Total","Females","Number","24"
"2019","Fiji","Bulgaria","Total","Total","Number","0"
"2019","Fiji","Bulgaria","Total","Males","Number","0"
"2019","Fiji","Bulgaria","Total","Females","Number","0"
"2019","New Caledonia (FR)","Bulgaria","Total","Total","Number","0"
"2019","New Caledonia (FR)","Bulgaria","Total","Males","Number","0"
"2019","New Caledonia (FR)","Bulgaria","Total","Females","Number","0"
"2019","Papua New Guinea","Bulgaria","Total","Total","Number","2"
"2019","Papua New Guinea","Bulgaria","Total","Males","Number","2"
"2019","Papua New Guinea","Bulgaria","Total","Females","Number","0"
"2019","Solomon Islands","Bulgaria","Total","Total","Number","0"
"2019","Solomon Islands","Bulgaria","Total","Males","Number","0"
"2019","Solomon Islands","Bulgaria","Total","Females","Number","0"
"2019","Vanuatu","Bulgaria","Total","Total","Number","15"
"2019","Vanuatu","Bulgaria","Total","Males","Number","10"
"2019","Vanuatu","Bulgaria","Total","Females","Number","5"
"2019","Federated States of Micronesia","Bulgaria","Total","Total","Number","0"
"2019","Federated States of Micronesia","Bulgaria","Total","Males","Number","0"
"2019","Federated States of Micronesia","Bulgaria","Total","Females","Number","0"
"2019","Guam (US)","Bulgaria","Total","Total","Number",":"
"2019","Guam (US)","Bulgaria","Total","Males","Number",":"
"2019","Guam (US)","Bulgaria","Total","Females","Number",":"
"2019","Kiribati","Bulgaria","Total","Total","Number","4"
"2019","Kiribati","Bulgaria","Total","Males","Number","2"
"2019","Kiribati","Bulgaria","Total","Females","Number","2"
"2019","Marshall Islands","Bulgaria","Total","Total","Number","1"
"2019","Marshall Islands","Bulgaria","Total","Males","Number","1"
"2019","Marshall Islands","Bulgaria","Total","Females","Number","0"
"2019","Northern Mariana Islands (US)","Bulgaria","Total","Total","Number",":"
"2019","Northern Mariana Islands (US)","Bulgaria","Total","Males","Number",":"
"2019","Northern Mariana Islands (US)","Bulgaria","Total","Females","Number",":"
"2019","Nauru","Bulgaria","Total","Total","Number","2"
"2019","Nauru","Bulgaria","Total","Males","Number","2"
"2019","Nauru","Bulgaria","Total","Females","Number","0"
"2019","Palau","Bulgaria","Total","Total","Number","0"
"2019","Palau","Bulgaria","Total","Males","Number","0"
"2019","Palau","Bulgaria","Total","Females","Number","0"
"2019","American Samoa (US)","Bulgaria","Total","Total","Number",":"
"2019","American Samoa (US)","Bulgaria","Total","Males","Number",":"
"2019","American Samoa (US)","Bulgaria","Total","Females","Number",":"
"2019","Cook Islands (NZ)","Bulgaria","Total","Total","Number",":"
"2019","Cook Islands (NZ)","Bulgaria","Total","Males","Number",":"
"2019","Cook Islands (NZ)","Bulgaria","Total","Females","Number",":"
"2019","Niue (NZ)","Bulgaria","Total","Total","Number",":"
"2019","Niue (NZ)","Bulgaria","Total","Males","Number",":"
"2019","Niue (NZ)","Bulgaria","Total","Females","Number",":"
"2019","Tokelau (NZ)","Bulgaria","Total","Total","Number",":"
"2019","Tokelau (NZ)","Bulgaria","Total","Males","Number",":"
"2019","Tokelau (NZ)","Bulgaria","Total","Females","Number",":"
"2019","French Polynesia (FR)","Bulgaria","Total","Total","Number","0"
"2019","French Polynesia (FR)","Bulgaria","Total","Males","Number","0"
"2019","French Polynesia (FR)","Bulgaria","Total","Females","Number","0"
"2019","Pitcairn Islands (UK)","Bulgaria","Total","Total","Number","1"
"2019","Pitcairn Islands (UK)","Bulgaria","Total","Males","Number","0"
"2019","Pitcairn Islands (UK)","Bulgaria","Total","Females","Number","1"
"2019","Tonga","Bulgaria","Total","Total","Number","1"
"2019","Tonga","Bulgaria","Total","Males","Number","0"
"2019","Tonga","Bulgaria","Total","Females","Number","1"
"2019","Tuvalu","Bulgaria","Total","Total","Number","1"
"2019","Tuvalu","Bulgaria","Total","Males","Number","1"
"2019","Tuvalu","Bulgaria","Total","Females","Number","0"
"2019","Wallis and Futuna (FR)","Bulgaria","Total","Total","Number","1"
"2019","Wallis and Futuna (FR)","Bulgaria","Total","Males","Number","0"
"2019","Wallis and Futuna (FR)","Bulgaria","Total","Females","Number","1"
"2019","Samoa","Bulgaria","Total","Total","Number","6"
"2019","Samoa","Bulgaria","Total","Males","Number","2"
"2019","Samoa","Bulgaria","Total","Females","Number","4"
"2019","Antarctica","Bulgaria","Total","Total","Number",":"
"2019","Antarctica","Bulgaria","Total","Males","Number",":"
"2019","Antarctica","Bulgaria","Total","Females","Number",":"
"2019","French Southern Territories (FR)","Bulgaria","Total","Total","Number",":"
"2019","French Southern Territories (FR)","Bulgaria","Total","Males","Number",":"
"2019","French Southern Territories (FR)","Bulgaria","Total","Females","Number",":"
